Handles,Tweet IDs,Retweeter Handles,Locations
elonmusk,1032804122330845184,BluntBuckeye,snap - buckeye4 üëª
elonmusk,1032804122330845184,Superuppawalla1,"Real Madrid,Spain"
elonmusk,1032804122330845184,Syl4art,"Lexington,KY"
elonmusk,1032804122330845184,daknycip,NYC
elonmusk,1032804122330845184,AdamWallenta,"Connecticut, USA"
elonmusk,1032804122330845184,theunchainedgod,"Chicago, IL"
elonmusk,1032804122330845184,5wiim,‚†ô‚†ó‚†ä‚†ù‚†Ö‚†Ä‚†ç‚†ï‚†ó‚†ë‚†Ä‚†∫‚†Å‚†û‚†ë‚†ó
elonmusk,1032804122330845184,ssshhyeeaahh,Jeddah
elonmusk,1032804122330845184,lexwithmeee,"Detroit, MI"
elonmusk,1032804122330845184,GaryNov77,"Aurora, Ontario"
elonmusk,1032804122330845184,ClydeCastro,"Virginia, USA"
elonmusk,1032804122330845184,Lux00457636,"Miami, Florida"
elonmusk,1032804122330845184,aminsenouci,Lille - France
elonmusk,1032804122330845184,BojanaJanketic,Belgrade Serbia
elonmusk,1032804122330845184,damianclode,"Cardiff, Wales"
elonmusk,1032804122330845184,yuutei_inc,ÂπºÁ®öÂúí
elonmusk,1032804122330845184,NeilWatson3_,The South
elonmusk,1032804122330845184,CalebBryant2015,"Lafayette, LA"
elonmusk,1032804122330845184,quantumphysdik1,"Penticton, British Columbia"
elonmusk,1032804122330845184,max_zostant,"Oxford, MA"
elonmusk,1032804122330845184,CDavis159,"New York, USA"
elonmusk,1032804122330845184,antonlykhoyda,"Berlin, Germany"
elonmusk,1032804122330845184,qvalemangusta,Southern California
elonmusk,1032804122330845184,RealRonHoward__,"Beverly Hills, CA"
elonmusk,1032804122330845184,SJBuckman,"North Carolina, USA"
elonmusk,1032804122330845184,StupidCompanies,US National Network
elonmusk,1032804122330845184,faizzakaria,"Ampang, Wilayah Persekutuan Kuala Lumpur"
elonmusk,1032804122330845184,demar8812,"Litchfield, MI, United States"
elonmusk,1032804122330845184,MeToo20001,"Washington DC, USA"
elonmusk,1032804122330845184,UKBodyshopGuy,"Brighton, England"
elonmusk,1032804122330845184,OwaisHanzara,"Islamabad, Pakistan"
elonmusk,1032804122330845184,phytophage3,ident.me
elonmusk,1032804122330845184,infiverse77,"Burbank, CA"
elonmusk,1032804122330845184,seth_leitman,Worldwide
elonmusk,1032804122330845184,TJKan,"Buchanan, MI"
elonmusk,1032804122330845184,PostNormalEra,Global
elonmusk,1032804122330845184,HansLak,Netherlands
elonmusk,1032804122330845184,Iambobjay,United States
elonmusk,1032804122330845184,abpclub,United Kingdom
elonmusk,1032804122330845184,ikwaks,Earth
elonmusk,1032804122330845184,aaa100891,üáØüáµ
elonmusk,1032804122330845184,JerusalemKid,3rd Rock from the Sun
elonmusk,1032804122330845184,RoyDL3,"Corinth, KY"
elonmusk,1032804122330845184,followed,humbled
elonmusk,1032804122330845184,MasixoleTMC,Planet TMC
elonmusk,1032804122330845184,Kickit_Back,United States
elonmusk,1032804122330845184,Cobhoza,"Sobonakhona, South Africa"
elonmusk,1032804122330845184,SuhaibBadshah9,"New Delhi, India"
elonmusk,1032804122330845184,Coolanima4lover,"Texas, USA"
elonmusk,1032804122330845184,iquanyin,"within you, without you"
elonmusk,1032804122330845184,vs_Matthias,"Turnhout, Belgium"
elonmusk,1032804122330845184,jrick,"Washington, DC"
elonmusk,1032804122330845184,kirkbell,"Melbourne, Australia"
elonmusk,1032804122330845184,Natethegreat578,"Frederick, Maryland"
elonmusk,1032804122330845184,mauramormile,"Milan, Lombardy"
elonmusk,1032804122330845184,abhomeron,nusantara
elonmusk,1032804122330845184,ethakhan,"Toronto, Ontario"
elonmusk,1032804122330845184,Mars_SpaceX,United States
mashable,1036461028429651968,kwbishop,NYC Metro
mashable,1036461028429651968,Anupama_SM,India
mashable,1036461028429651968,adamsalym,Male' Maldives
mashable,1036461028429651968,MarcGilson,Luxembourg
mashable,1036461028429651968,kazimakgul,"ƒ∞stanbul, Turkey"
mashable,1036461028429651968,LLLloyd1,World Wide
mashable,1036461028429651968,daivestudio,"California, USA"
mashable,1036461028429651968,danyzynha,"New York, NY"
mashable,1036461028429651968,Mec_Ibere_Kewl,BZH
mashable,1036461028429651968,MosufiCorp,"Madhya Pradesh, India"
mashable,1036461028429651968,DavidAragort,"Caracas, Venezuela."
mashable,1036461028429651968,YESOMedia,California
mashable,1036461028429651968,Cando24,Mexico
mashable,1036461028429651968,ADMAN348,Melboune
mashable,1036461028429651968,KccSubham,"DOHA, QATAR"
mashable,1036461028429651968,tdlc16,The Netherlands
mashable,1036461028429651968,SOCIALCURRENCIE, #crowdsourcing #zS2z
mashable,1036461028429651968,Gt8410,Mexico
mashable,1036461028429651968,sarmadbinarshad,"Punjab, Pakistan"
mashable,1036461028429651968,s__k__r,"San Salvador, El Salvador"
mashable,1036461028429651968,sheetal_sonar,"New Delhi, India"
mashable,1036461028429651968,Maliqfys,West Coast 
mashable,1036461028429651968,bobeabobea," ‚õ∫ Nairobi, Kenya üá∞üá™"
mashable,1036461028429651968,jezemy,"Taupo, New Zealand"
mashable,1036461028429651968,ohmygits,everywhere
mashable,1036461028429651968,RaeKVPA,"England, United Kingdom"
mashable,1036461028429651968,fassiso,Planet Earth
mashable,1036461028429651968,siddiq_kazi,South Mumbai
mashable,1036461028429651968,dje_mix,"Ohio, USA"
mashable,1036461028429651968,anoopkular,"Chandigarh, India"
mashable,1036461028429651968,jlosmex,M√©xico
mashable,1036461028429651968,penjordroid,"Konya, T√ºrkiye"
mashable,1036461028429651968,thekennwade,"Orlando, FL"
mashable,1036461028429651968,denzblogz,United States
WIRED,1036459095883227139,Gsanz18,world
WIRED,1036459095883227139,Bobduff1,Australia
WIRED,1036459095883227139,cee_cee,where the bachelors sit
WIRED,1036459095883227139,parkernishar,"Wisconsin, USA"
WIRED,1036459095883227139,mikestrattonNET,"Streetsboro, Ohio"
WIRED,1036459095883227139,J_Ceniza,New Jersey
WIRED,1036459095883227139,zippylab,Citt√† Metropolitana di Milano
WIRED,1036459095883227139,startupunidos,"Arizona, USA & Sonora, MEX"
WIRED,1036459095883227139,Horrisber2Penny,"California, USA"
WIRED,1036459095883227139,HugoFeijo,"Santos, SP, Brasil"
WIRED,1036459095883227139,TheDivaWorld,The Diva World
